Title,Year,Latest Season Count,File Count,Airing Day,Status
1883,2021,10,10,Unknown,ended
1899,2022,8,8,Unknown,ended
1923,2022,8,0,Sunday,continuing
24,2001,12,12,Unknown,ended
24: Legacy,2017,12,12,Unknown,ended
A Discovery of Witches,2018,7,7,Unknown,ended
A Spy Among Friends,2022,6,6,Unknown,ended
Absentia,2017,10,10,Unknown,ended
Aftermath (2016),2016,13,13,Unknown,ended
Agent X,2015,10,10,Unknown,ended
Alcatraz,2012,13,13,Unknown,ended
Alias,2001,17,17,Unknown,ended
Alice in Borderland (2020),2020,8,8,Unknown,continuing
Allegiance,2015,13,13,Unknown,ended
Alphas,2011,13,13,Unknown,ended
Altered Carbon,2018,8,8,Unknown,ended
American Gods,2017,10,10,Unknown,ended
Angel,1999,22,22,Unknown,ended
Animal Kingdom (2016),2016,13,13,Unknown,ended
APB,2017,12,12,Unknown,ended
Archer (2009),2009,9,9,Unknown,ended
Arnold,2023,3,3,Unknown,ended
Arrow,2012,10,10,Unknown,ended
Ascension,2014,3,3,Unknown,ended
Band of Brothers,2001,10,10,Unknown,ended
Barry,2018,8,8,Unknown,ended
Batwoman,2019,13,13,Unknown,ended
Beauty and the Beast (2012),2012,13,13,Unknown,ended
Being Human,2009,6,6,Unknown,ended
Beowulf: Return to the Shieldlands,2016,12,12,Unknown,ended
Berlin Station,2016,10,10,Unknown,ended
Betas,2013,11,11,Unknown,ended
Better Call Saul,2015,13,13,Unknown,ended
Beyond (2012),2012,20,10,Unknown,ended
Beyond Skinwalker Ranch,2023,8,8,Unknown,continuing
Billions,2016,12,12,Unknown,ended
Billy the Kid,2022,8,8,Unknown,continuing
Birds of Prey,2002,13,13,Unknown,ended
Bitten,2014,10,10,Unknown,ended
Black Bird,2022,6,6,Unknown,ended
Black Files Declassified,2020,8,8,Unknown,continuing
Black Lightning,2018,13,13,Unknown,ended
Black Mirror,2011,5,5,Unknown,continuing
Black Sails,2014,10,10,Unknown,ended
Blade,2006,12,12,Unknown,ended
Blindspot,2015,11,11,Unknown,ended
Blood & Treasure,2019,13,13,Unknown,ended
Boardwalk Empire,2010,8,8,Unknown,ended
Bones,2005,12,12,Unknown,ended
Bosch,2015,8,8,Unknown,ended
Bosch: Legacy,2022,1,0,Thursday,continuing
Breaking Bad,2008,16,16,Unknown,ended
Breakout Kings,2011,10,10,Unknown,ended
Britannia,2018,8,8,Unknown,ended
Buffy the Vampire Slayer,1997,22,22,Unknown,ended
Bull (2016),2016,22,22,Unknown,ended
Bupkis,2023,8,8,Unknown,ended
Burn Notice,2007,13,12,Unknown,ended
Camelot,2011,10,10,Unknown,ended
Carnival Row,2019,10,10,Unknown,ended
Carnivàle,2003,12,12,Unknown,ended
Caught (2018),2018,5,5,Unknown,ended
Chance,2016,10,10,Unknown,ended
CHAOS,2011,13,13,Unknown,ended
Charmed,1998,22,22,Unknown,ended
Charmed (2018),2018,13,13,Unknown,ended
Chernobyl,2019,5,5,Unknown,ended
Chilling Adventures of Sabrina,2018,16,16,Unknown,ended
Chuck,2007,13,13,Unknown,ended
Citadel,2023,6,6,Unknown,continuing
Class,2016,8,8,Unknown,ended
Class of '09,2023,8,8,Unknown,ended
Cleaners,2013,12,12,Unknown,ended
Collateral,2018,4,4,Unknown,ended
Condor,2018,10,10,Unknown,ended
Constantine,2014,13,13,Unknown,ended
Continuum,2012,6,6,Unknown,ended
Conviction (2016),2016,13,13,Unknown,ended
Counterpart,2017,10,10,Unknown,ended
Covert Affairs,2010,16,16,Unknown,ended
Cowboy Bebop (2021),2021,10,10,Unknown,ended
Criminal Minds: Beyond Borders,2016,13,13,Unknown,ended
CSI: Cyber,2015,18,18,Unknown,ended
CSI: Miami,2002,19,19,Unknown,ended
CSI: NY,2004,17,17,Unknown,ended
CSI: Vegas,2021,10,10,Unknown,ended
Da Vinci's Demons,2013,10,10,Unknown,ended
Dallas (2012),2012,15,15,Unknown,ended
Dan Brown's The Lost Symbol,2021,10,10,Unknown,ended
Dark Angel,2000,21,21,Unknown,ended
DC's Legends of Tomorrow,2016,13,13,Unknown,ended
Stargirl,2020,13,13,Unknown,ended
Dead Like Me,2003,15,15,Unknown,ended
Deadly Class,2019,10,10,Unknown,ended
Deadwood,2004,12,12,Unknown,ended
Deception (2018),2018,13,13,Unknown,ended
Declassified: Untold Stories Of American Spies,2016,8,5,Unknown,ended
Deep State,2018,8,8,Unknown,ended
Defiance,2013,13,13,Unknown,ended
Depp V Heard,2023,3,3,Unknown,ended
Designated Survivor,2016,10,10,Unknown,ended
Dexter,2006,12,12,Unknown,ended
Dexter: New Blood,2021,10,10,Unknown,ended
Die Hart,2020,7,7,Unknown,continuing
Django,2023,10,10,Unknown,ended
Doctor Who (2005),2005,6,6,Unknown,ended
Dollhouse,2009,13,13,Unknown,ended
Domina,2021,8,8,Unknown,ended
Dominion,2014,13,13,Unknown,ended
Doom Patrol,2019,12,12,Unknown,ended
Dopesick,2021,8,8,Unknown,ended
Downton Abbey,2010,8,8,Unknown,ended
Dracula,2013,10,10,Unknown,ended
Duck Dynasty,2012,16,16,Unknown,ended
Eastwick,2009,13,13,Unknown,ended
Elementary,2012,13,13,Unknown,ended
Emerald City,2017,10,10,Unknown,ended
Encounters,2023,4,4,Unknown,ended
Eureka,2006,13,13,Unknown,ended
Evacuation (2023),2023,3,3,Unknown,ended
Evil,2019,14,14,Unknown,ended
Extant,2014,13,13,Unknown,ended
Extras,2005,6,6,Unknown,ended
Falling Water,2016,10,10,Unknown,ended
Fear the Walking Dead,2015,12,12,Unknown,ended
Fire Country,2022,12,9,Saturday,continuing
First Kill,2022,8,8,Unknown,ended
Flashpoint,2008,13,13,Unknown,ended
For All Mankind,2019,10,10,Unknown,continuing
For Life,2020,10,10,Unknown,ended
For the People (2018),2018,10,10,Unknown,ended
Forever (2014),2014,22,22,Unknown,ended
Foundation (2021),2021,10,10,Unknown,continuing
Frequency,2016,13,13,Unknown,ended
Friends,1994,18,18,Unknown,ended
Frontier (2016),2016,6,6,Unknown,ended
FUBAR,2023,8,0,Unknown,continuing
Full Circle (2023),2023,6,6,Unknown,ended
Game of Thrones,2011,6,6,Unknown,ended
Gen V,2023,1,0,Unknown,continuing
George & Tammy,2022,6,6,Unknown,ended
Ghost Whisperer,2005,22,22,Unknown,ended
Godfather of Harlem,2019,10,0,Monday,continuing
Goliath,2016,8,8,Unknown,ended
Good Behavior,2016,10,10,Unknown,ended
Good Omens,2019,6,6,Unknown,continuing
Gotham,2014,12,12,Unknown,ended
Gotham Knights,2023,13,13,Unknown,ended
Graceland,2013,13,13,Unknown,ended
Grimm,2011,13,13,Unknown,ended
Hanna,2019,6,6,Unknown,ended
Hap and Leonard,2016,6,6,Unknown,ended
Harry & Meghan,2022,6,6,Unknown,ended
Hart to Heart,2021,6,6,Unknown,continuing
Hawaii Five-0 (2010),2010,22,22,Unknown,ended
Hawkeye (2021),2021,6,6,Unknown,ended
Heroes,2006,19,19,Unknown,ended
Heroes Reborn,2015,13,13,Unknown,ended
Hidden Assets,2021,6,6,Unknown,ended
Hijack,2023,7,7,Unknown,continuing
His Dark Materials,2019,8,8,Unknown,ended
History of Swear Words,2021,6,6,Unknown,ended
History's Greatest Heists with Pierce Brosnan,2023,8,8,Unknown,continuing
Homecoming (2018),2018,7,7,Unknown,ended
Homeland,2011,12,12,Unknown,ended
Houdini & Doyle,2016,10,10,Unknown,ended
Houdini,2014,2,2,Unknown,ended
House,2004,22,22,Unknown,ended
House of Lies,2012,10,10,Unknown,ended
House of the Dragon,2022,8,8,Unknown,continuing
How I Met Your Mother,2005,24,24,Unknown,ended
How to Get Away with Murder,2014,15,15,Unknown,ended
Human Target (2010),2010,13,13,Unknown,ended
Humans,2015,8,8,Unknown,ended
Hustle,2004,6,6,Unknown,ended
Imposters,2017,10,10,Unknown,ended
Impulse,2018,10,10,Unknown,ended
In From the Cold,2022,8,8,Unknown,ended
Incorporated,2016,10,10,Unknown,ended
Informer,2018,6,6,Unknown,ended
Inside Men,2012,4,4,Unknown,ended
Instinct (2018),2018,11,11,Unknown,ended
Intelligence (2014),2014,13,13,Unknown,ended
Interview with the Vampire,2022,8,8,Unknown,continuing
Into the Badlands,2015,16,16,Unknown,ended
Invasion (2021),2021,10,10,Unknown,continuing
iZombie,2015,13,13,Unknown,ended
JAG,1995,22,22,Unknown,ended
Jake 2.0,2003,16,16,Unknown,ended
Jekyll and Hyde,2015,10,10,Unknown,ended
Jericho (2006),2006,7,7,Unknown,ended
John Adams,2008,7,7,Unknown,ended
John Doe,2002,21,21,Unknown,ended
Johnny vs Amber,2021,2,2,Unknown,ended
Johnny vs Amber: The U.S. Trial,2022,2,2,Unknown,ended
Journeyman,2007,13,13,Unknown,ended
Justified,2010,13,13,Unknown,ended
Justified: City Primeval,2023,8,8,Unknown,ended
Kaleidoscope (2023),2023,8,8,Unknown,ended
Killing Eve,2018,8,8,Unknown,ended
Killjoys,2015,10,10,Unknown,ended
Knightfall,2017,8,8,Unknown,ended
La Brea,2021,6,6,Unknown,ended
Las Vegas,2003,19,19,Unknown,ended
Legacies,2018,20,20,Unknown,ended
Legend of the Seeker,2008,22,22,Unknown,ended
Legends (2014),2014,10,10,Unknown,ended
Legion,2017,8,8,Unknown,ended
Lethal Weapon,2016,15,15,Unknown,ended
Leverage,2008,15,15,Unknown,ended
Leverage: Redemption,2021,13,13,Unknown,continuing
Lie to Me,2009,13,13,Unknown,ended
Life (2007),2007,21,21,Unknown,ended
Limitless,2015,22,22,Unknown,ended
Loki,2021,6,6,Unknown,ended
Lost Girl,2010,16,16,Unknown,ended
Lucifer,2016,10,10,Unknown,ended
Luther,2010,4,4,Unknown,ended
MacGyver (2016),2016,15,15,Unknown,ended
Mad Men,2007,14,14,Unknown,ended
Madam Secretary,2014,10,10,Unknown,ended
Magnum P.I.,2018,20,20,Unknown,ended
Manhattan,2014,10,10,Unknown,ended
Manhunt (2017),2017,10,10,Unknown,ended
Manifest,2018,20,20,Unknown,ended
Marco Polo (2014),2014,10,10,Unknown,ended
Marvel Studios: Legends,2021,20,20,Unknown,ended
Marvel's Agent Carter,2015,10,10,Unknown,ended
Marvel's Agents of S.H.I.E.L.D.,2013,13,13,Unknown,ended
Marvel's Cloak & Dagger,2018,10,10,Unknown,ended
Marvel's Daredevil,2015,13,13,Unknown,ended
Marvel's Inhumans,2017,8,8,Unknown,ended
Marvel's Iron Fist,2017,10,10,Unknown,ended
Marvel's Jessica Jones,2015,13,13,Unknown,ended
Marvel's Luke Cage,2016,13,13,Unknown,ended
Marvel's Runaways,2017,10,10,Unknown,ended
Marvel's The Defenders,2017,8,8,Unknown,ended
Marvel's The Punisher,2017,13,13,Unknown,ended
Mary Kills People,2017,6,6,Unknown,ended
Masters of Sex,2013,10,10,Unknown,ended
Mayor of Kingstown,2021,10,10,Unknown,continuing
Medici,2016,8,8,Unknown,ended
Medium,2005,13,13,Unknown,ended
Merlin,2008,13,13,Unknown,ended
"Midnight, Texas",2017,9,9,Unknown,ended
Minority Report,2015,10,10,Unknown,ended
Misfits,2009,8,8,Unknown,ended
Mission: Impossible (1988),1988,16,1,Unknown,ended
Money Heist,2017,10,8,Unknown,ended
Moon Knight,2022,6,6,Unknown,ended
Moonlight,2007,16,16,Unknown,ended
Motherland: Fort Salem,2020,10,10,Unknown,ended
MPower,2023,4,4,Unknown,ended
Mr. Robot,2015,13,13,Unknown,ended
Ms. Marvel,2022,6,6,Unknown,ended
My Name Is Earl,2005,27,27,Unknown,ended
MythBusters,2003,8,8,Unknown,ended
Narcos,2015,10,10,Unknown,ended
Nashville (2012),2012,16,16,Unknown,ended
National Treasure: Edge of History,2022,10,10,Unknown,ended
NCIS,2003,12,11,Tuesday,continuing
NCIS: Hawai'i,2021,10,10,Unknown,ended
NCIS: Los Angeles,2009,21,21,Unknown,ended
NCIS: New Orleans,2014,16,16,Unknown,ended
Necessary Roughness,2011,10,10,Unknown,ended
Nikita,2010,6,6,Unknown,ended
No Man Left Behind,2016,6,6,Unknown,ended
Notorious (2016),2016,10,10,Unknown,ended
Gone (2017),2017,12,0,Unknown,ended
Once Upon a Time (2011),2011,22,22,Unknown,ended
Once Upon a Time in Wonderland,2013,13,13,Unknown,ended
Orphan Black,2013,10,10,Unknown,ended
Island (2022),2022,12,0,Unknown,ended
Putting the Fun in Fundamental,2004,5,3,Unknown,ended
Outer Banks,2020,1,0,Unknown,continuing
Painkiller,2023,6,6,Unknown,ended
Painkiller Jane,2007,22,22,Unknown,ended
Pandora (2019),2019,10,10,Unknown,ended
Peaky Blinders,2013,6,6,Unknown,ended
Pennyworth: The Origin of Batman's Butler,2019,10,10,Unknown,ended
Person of Interest,2011,13,13,Unknown,ended
Pine Gap,2018,6,6,Unknown,ended
Plan B (2023),2023,6,6,Unknown,continuing
Platonic (2023),2023,10,10,Unknown,continuing
Poker Face (2023),2023,1,0,Unknown,continuing
Power Book II: Ghost,2020,10,10,Unknown,ended
Power Book III: Raising Kanan,2021,10,0,Saturday,continuing
Power Book IV: Force,2022,1,0,Unknown,continuing
Powers (2015),2015,10,10,Unknown,ended
Preacher,2016,10,10,Unknown,ended
Prison Break,2005,9,9,Unknown,ended
Prodigal Son,2019,13,13,Unknown,ended
Project Blue Book,2019,10,10,Unknown,ended
Proof (2015),2015,10,10,Unknown,ended
Proven Innocent,2019,13,13,Unknown,ended
Pure Genius,2016,13,13,Unknown,ended
Quantico,2015,13,13,Unknown,ended
Quantum Leap (2022),2022,13,13,Unknown,ended
Quarry,2016,8,8,Unknown,ended
Queen of the South,2016,10,10,Unknown,ended
Rabbit Hole,2023,8,8,Unknown,ended
Raised by Wolves (2020),2020,8,8,Unknown,ended
Ransom,2017,13,13,Unknown,ended
Ray Donovan,2013,10,10,Unknown,ended
Reacher,2022,8,0,Thursday,continuing
Reign (2013),2013,16,16,Unknown,ended
Relic Hunter,1999,22,22,Unknown,ended
Resident Evil,2022,8,8,Unknown,ended
Revenge,2011,23,23,Unknown,ended
Reverie,2018,10,10,Unknown,ended
Rise of Empires: Ottoman,2020,6,6,Unknown,ended
Robin Hood,2006,13,13,Unknown,ended
Roman Empire,2016,4,4,Unknown,ended
Roswell,1999,18,18,Unknown,ended
"Roswell, New Mexico",2019,13,13,Unknown,ended
Rubicon,2010,13,13,Unknown,ended
Running Wild with Bear Grylls,2014,8,8,Unknown,ended
Rush (2014),2014,10,10,Unknown,ended
S.W.A.T. (2017),2017,13,9,Saturday,continuing
Safe,2018,8,8,Unknown,ended
Safe House,2015,4,4,Unknown,ended
Salem,2014,10,10,Unknown,ended
Salvation (2018),2018,8,8,Unknown,ended
Sanctuary (2008),2008,13,13,Unknown,ended
SAS: Who Dares Wins,2015,6,6,Unknown,ended
Scandal (2012),2012,18,18,Unknown,ended
Scenes From A Marriage,1973,6,5,Unknown,ended
Scorpion,2014,22,22,Unknown,ended
SEAL Team,2017,10,10,Unknown,ended
Second Chance,2016,11,11,Unknown,ended
Secret Invasion,2023,6,6,Unknown,ended
Sense8,2015,12,12,Unknown,ended
Sex Life,2019,6,0,Unknown,continuing
Shades of Blue,2016,10,10,Unknown,ended
Shadow and Bone,2021,8,8,Unknown,ended
Shadowhunters,2016,22,22,Unknown,ended
She-Hulk: Attorney at Law,2022,9,9,Unknown,ended
Sherlock,2010,3,3,Unknown,ended
Shiny Happy People: Duggar Family Secrets,2023,4,4,Unknown,ended
Shooter,2016,13,13,Unknown,ended
Shut Eye,2016,10,10,Unknown,ended
Silo,2023,10,10,Unknown,continuing
Siren (2018),2018,10,10,Unknown,ended
Sleepy Hollow,2013,13,13,Unknown,ended
Slow Horses,2022,6,6,Unknown,continuing
Smallville,2001,21,21,Unknown,ended
Sneaky Pete,2015,10,10,Unknown,ended
Sons of Anarchy,2008,13,13,Unknown,ended
Spartacus,2010,10,10,Unknown,ended
Special Forces: World's Toughest Test,2023,10,8,Thursday,continuing
Lioness,2023,8,8,Unknown,continuing
Spooks,2002,6,6,Unknown,ended
Spooks: Code 9,2008,6,6,Unknown,ended
Spy City,2020,6,6,Unknown,ended
Spy/Master,2023,6,6,Unknown,ended
Spy Ops,2023,8,8,Unknown,ended
Spy Wars with Damian Lewis,2019,8,8,Unknown,ended
Spycraft,2021,8,8,Unknown,ended
Squid Game,2021,1,0,Friday,continuing
Stan Lee's Lucky Man,2016,8,8,Unknown,ended
Star-Crossed,2014,13,13,Unknown,ended
StartUp,2016,10,10,Unknown,ended
State of Affairs,2014,13,13,Unknown,ended
Still Star-Crossed,2017,7,7,Unknown,ended
Stitchers,2015,10,10,Unknown,ended
Stranger Things,2016,8,0,Unknown,continuing
Strike Back,2010,10,10,Unknown,ended
Stumptown,2019,18,18,Unknown,ended
Succession,2018,10,10,Unknown,ended
Suits,2011,10,10,Unknown,ended
Supergirl,2015,20,20,Unknown,ended
Superman & Lois,2021,10,10,Unknown,ended
Supernatural,2005,20,20,Unknown,ended
Taken,2002,10,10,Unknown,ended
Taken (2017),2017,16,16,Unknown,ended
Tales of the Walking Dead,2022,6,6,Unknown,ended
Teen Wolf,2011,20,20,Unknown,ended
Tehran,2020,8,0,Unknown,continuing
Terminator: The Sarah Connor Chronicles,2008,22,22,Unknown,ended
Terra Nova,2011,11,11,Unknown,ended
Terrorism Close Calls,2018,10,10,Unknown,ended
The 100,2014,16,16,Unknown,ended
The 4400,2004,13,13,Unknown,ended
The Americans (2013),2013,10,10,Unknown,ended
The Arrangement (2017),2017,10,10,Unknown,ended
The Bastard Son & The Devil Himself,2022,8,8,Unknown,ended
The Big Bang Theory,2007,24,24,Unknown,ended
The Blacklist: Redemption,2017,8,8,Unknown,ended
The Bourne Identity,1988,2,2,Unknown,ended
The Boys,2019,1,0,Unknown,continuing
The Brave,2017,13,13,Unknown,ended
The Capture,2019,6,6,Unknown,ended
The Catch,2016,10,10,Unknown,ended
The Collection,2016,8,8,Unknown,ended
The Company You Keep,2023,10,10,Unknown,ended
The Continental (2023),2023,3,3,Unknown,ended
The Crossing,2018,11,11,Unknown,ended
The Crown,2016,10,10,Unknown,ended
The Detour,2016,10,10,Unknown,ended
The Deuce,2017,8,8,Unknown,ended
The Diplomat (2023),2023,6,6,Unknown,continuing
The Dresden Files,2007,12,12,Unknown,ended
The Dropout,2022,8,8,Unknown,ended
The Enemy Within,2019,13,13,Unknown,ended
The Equalizer (2021),2021,10,7,Monday,continuing
The Expanse,2015,6,6,Unknown,ended
The Falcon and The Winter Soldier,2021,6,6,Unknown,ended
The Fall of the House of Usher,2023,8,8,Unknown,ended
The Family Stallone,2023,10,10,Unknown,continuing
The Flash (2014),2014,13,13,Unknown,ended
The Game (2014),2014,6,6,Unknown,ended
The Gifted (2018),2018,13,13,Unknown,ended
The Good Doctor,2017,10,10,Unknown,ended
The Great,2020,10,10,Unknown,ended
The Hollow Crown,2012,3,3,Unknown,ended
The InBetween,2019,10,10,Unknown,ended
The Ipcress File,2022,6,6,Unknown,ended
The Last Kingdom,2015,10,10,Unknown,ended
The Last Man on Earth,2015,18,18,Unknown,ended
The Last of Us,2023,9,9,Unknown,continuing
The Last Ship,2014,10,10,Unknown,ended
The Leftovers,2014,8,8,Unknown,ended
The Librarians (2014),2014,12,12,Unknown,ended
The Lincoln Lawyer,2022,10,10,Unknown,continuing
The Lone Gunmen,2001,13,13,Unknown,ended
The Long Road Home,2017,7,7,Unknown,ended
The Lord of the Rings: The Rings of Power,2022,8,8,Unknown,continuing
The Lost Room,2006,3,3,Unknown,ended
The Magicians (2015),2015,13,13,Unknown,ended
The Man in the High Castle,2015,10,10,Unknown,ended
The Morning Show,2019,10,10,Unknown,continuing
The Mysterious Benedict Society,2021,8,8,Unknown,ended
The Nevers,2021,12,12,Unknown,ended
The Night Agent,2023,10,10,Unknown,continuing
The Night Manager,2016,6,6,Unknown,ended
The Office,2001,6,6,Unknown,ended
The Order,2019,10,10,Unknown,ended
The Originals,2013,13,13,Unknown,ended
The Outpost,2018,13,13,Unknown,ended
The Passage,2019,10,10,Unknown,ended
The Peripheral,2022,8,8,Unknown,ended
The Philanthropist,2009,8,3,Unknown,ended
The Player (2015),2015,9,9,Unknown,ended
The Politician,2019,7,7,Unknown,ended
The Reckoning (2023),2023,4,4,Unknown,ended
The Recruit,2022,6,6,Unknown,continuing
The Returned,2012,8,0,Unknown,ended
The Rook,2019,8,8,Unknown,ended
The Secret Circle,2011,22,22,Unknown,ended
The Shannara Chronicles,2016,10,10,Unknown,ended
The Shield,2002,13,13,Unknown,ended
The Society,2019,10,10,Unknown,ended
The Son,2017,10,10,Unknown,ended
The Sons of Sam: A Descent into Darkness,2021,4,4,Unknown,ended
The Sopranos,1999,21,21,Unknown,ended
The Spy,2019,6,6,Unknown,ended
The Terminal List,2022,8,0,Unknown,continuing
The Time Traveler's Wife,2022,6,6,Unknown,ended
The Tourist,2022,6,6,Unknown,ended
The Triangle,2005,3,3,Unknown,ended
The Tudors,2007,10,10,Unknown,ended
The Umbrella Academy,2019,6,6,Unknown,ended
The Unit,2006,22,22,Unknown,ended
The Vampire Diaries,2009,16,16,Unknown,ended
The Walking Dead,2010,24,24,Unknown,ended
The Walking Dead: Daryl Dixon,2023,6,0,Unknown,continuing
The Walking Dead: Dead City,2023,8,0,Unknown,continuing
The West Wing,1999,22,22,Unknown,ended
The Wheel of Time,2021,1,0,Thursday,continuing
The White Princess,2017,8,8,Unknown,ended
The White Queen,2013,10,10,Unknown,ended
The Winter King,2023,10,10,Unknown,ended
The Wire,2002,10,10,Unknown,ended
The Witcher,2019,8,8,Unknown,continuing
The Witcher: Blood Origin,2022,4,4,Unknown,ended
Threshold,2005,13,13,Unknown,ended
Tidelands,2018,8,8,Unknown,ended
Time After Time (2017),2017,12,12,Unknown,ended
Timeless (2016),2016,12,12,Unknown,ended
Titans (2018),2018,12,12,Unknown,ended
Tom Clancy's Jack Ryan,2018,6,6,Unknown,ended
Torchwood,2006,10,10,Unknown,ended
Training Day,2017,13,13,Unknown,ended
Transporter,2012,12,12,Unknown,ended
Travelers (2016),2016,10,10,Unknown,ended
Treason,2022,5,5,Unknown,ended
Troy: Fall of a City,2018,8,8,Unknown,ended
Tru Calling,2003,6,6,Unknown,ended
True Blood,2008,10,10,Unknown,ended
True Detective,2014,6,6,Unknown,ended
True Story (2021),2021,7,7,Unknown,ended
Trust (2018),2018,10,10,Unknown,ended
TURN: Washington's Spies,2014,10,10,Unknown,ended
Two and a Half Men,2003,16,16,Unknown,ended
Tyrant,2014,10,10,Unknown,ended
Under the Dome,2013,13,13,Unknown,ended
Upload,2020,8,8,Unknown,continuing
V (2009),2009,10,10,Unknown,ended
Valor,2017,13,13,Unknown,ended
Van Helsing,2016,13,13,Unknown,ended
Veronica Mars,2004,8,8,Unknown,ended
Versailles (2015),2015,10,10,Unknown,ended
Victoria,2016,8,8,Unknown,ended
Vigil,2021,6,6,Unknown,continuing
Vikings: Valhalla,2022,8,8,Unknown,ended
Waco: The Aftermath,2023,5,5,Unknown,ended
Wahl Street,2021,10,10,Unknown,continuing
WandaVision,2021,9,9,Unknown,ended
War and Peace,2007,4,4,Unknown,ended
War of the Worlds (2019),2019,8,8,Unknown,ended
Wednesday,2022,4,0,Unknown,continuing
Weeds,2005,13,13,Unknown,ended
Westworld,2016,8,8,Unknown,ended
Whiskey Cavalier,2019,13,13,Unknown,ended
White Collar,2009,6,6,Unknown,ended
White House Plumbers,2023,5,5,Unknown,ended
Will,2017,10,10,Unknown,ended
Willow,2022,8,8,Unknown,ended
Wisdom of the Crowd,2017,13,13,Unknown,ended
Witches of East End,2013,13,13,Unknown,ended
Wolf Like Me,2022,7,7,Unknown,ended
Wynonna Earp,2016,12,12,Unknown,ended
XIII (2011),2011,13,0,Unknown,ended
Yellowstone (2018),2018,14,14,Unknown,ended
Young Sheldon,2017,14,14,Unknown,ended
Culprits,2023,8,8,Unknown,continuing
LEGO Masters (US),2020,4,4,Unknown,continuing
Sleeper Cell,2005,8,8,Unknown,ended
Whose Line Is It Anyway? (US),1998,16,16,Unknown,continuing
Found (2023),2023,22,11,Friday,continuing
Lawmen: Bass Reeves,2023,8,8,Unknown,ended
Lessons In Chemistry,2023,8,8,Unknown,ended
Percy Jackson and the Olympians,2023,8,8,Unknown,continuing
The Savant,0,8,0,Unknown,upcoming
Squid Game: The Challenge,2023,10,10,Unknown,continuing
The Fugitive (2020),2020,14,14,Unknown,ended
NCIS: Sydney,2023,10,0,Saturday,continuing
The Kennedys,2011,8,0,Unknown,ended
JFK: One Day In America,2023,3,3,Unknown,ended
The Plot Against America,2020,6,6,Unknown,ended
9/11: One Day in America,2021,6,6,Unknown,ended
Blue Bloods,2010,18,18,Unknown,ended
Accused (US),2023,8,8,Unknown,continuing
The Old Man,2022,8,8,Unknown,ended
The Walking Dead: The Ones Who Live,2024,6,6,Unknown,ended
Warrior,2019,10,10,Unknown,ended
Berlin (2023),2023,1,0,Unknown,continuing
La Femme Nikita,1997,8,8,Unknown,ended
The Lazarus Project,2022,8,8,Unknown,ended
Seinfeld,1989,24,24,Unknown,ended
Fringe,2008,13,13,Unknown,ended
New Girl,2011,8,8,Unknown,ended
FBI,2018,13,10,Wednesday,continuing
Fool Me Once,2024,8,8,Unknown,ended
Reyka,2021,8,8,Unknown,continuing
A Very British Scandal,2021,3,3,Unknown,ended
CSI: Crime Scene Investigation,2000,18,18,Unknown,ended
Ozark,2017,14,14,Unknown,ended
The Act,2019,8,8,Unknown,ended
Euphoria (US),2019,8,8,Unknown,continuing
Yellowjackets,2021,10,0,Monday,continuing
Veep,2012,7,7,Unknown,ended
Pushing Daisies,2007,13,0,Unknown,ended
BEEF,2023,10,10,Unknown,continuing
Star Wars: Andor,2022,1,0,Tuesday,continuing
Masters of the Air,2024,9,9,Unknown,ended
ted,2024,7,7,Unknown,continuing
Parks and Recreation,2009,13,13,Unknown,ended
Mr. & Mrs. Smith (2024),2024,8,8,Unknown,continuing
Avatar: The Last Airbender (2024),2024,1,0,Unknown,continuing
Death and Other Details,2024,10,10,Unknown,ended
The Gentlemen,2024,1,0,Unknown,continuing
Star Wars: Tales of the Jedi,2022,6,6,Unknown,ended
Shōgun,2024,10,10,Unknown,continuing
The Book of Boba Fett,2021,7,7,Unknown,ended
Wild Cards,2024,13,4,Thursday,continuing
Our Girl,2014,6,6,Unknown,ended
Griselda,2024,6,6,Unknown,ended
The Artful Dodger,2023,8,8,Unknown,continuing
Expats,2024,6,6,Unknown,ended
Sight Unseen (2024),2024,10,3,Tuesday,continuing
East New York,2022,21,21,Unknown,ended
Echo 3,2022,10,10,Unknown,ended
Mayans M.C.,2018,10,10,Unknown,ended
Parish,2024,6,6,Unknown,ended
Sugar (2024),2024,8,8,Unknown,continuing
The Cleaning Lady (US),2022,12,0,Wednesday,continuing
Gangs of London,2020,8,0,Unknown,continuing
Fallout,2024,8,8,Unknown,continuing
Alex Rider,2020,8,7,Unknown,ended
3 Body Problem,2024,8,8,Unknown,continuing
We Were the Lucky Ones,2024,8,8,Unknown,ended
RIPLEY,2024,8,8,Unknown,ended
Outer Range,2022,7,7,Unknown,ended
Red Eye,2024,6,6,Unknown,ended
Snowfall,2017,10,10,Unknown,ended
Dark Matter (2024),2024,9,9,Unknown,continuing
The Blacklist,2013,22,22,Unknown,ended
Last King of the Cross,2023,8,8,Unknown,continuing
The Tomorrow People (US),2013,22,22,Unknown,ended
True Lies,2023,13,13,Unknown,ended
Silicon Valley,2014,7,7,Unknown,ended
Vikings,2013,20,20,Unknown,ended
SIX,2017,10,10,Unknown,ended
The Office (US),2005,23,23,Unknown,ended
Patriot,2015,8,0,Unknown,ended
Power,2014,15,15,Unknown,ended
The Mentalist,2008,13,13,Unknown,ended
Lost,2004,18,18,Unknown,ended
Hunted,2012,8,8,Unknown,ended
House of Cards (US),2013,8,8,Unknown,ended
The Firm,2012,22,22,Unknown,ended
The Veil (2024),2024,6,6,Unknown,ended
Treadstone,2019,10,10,Unknown,ended
Mrs. Fletcher,2019,7,7,Unknown,ended
Gunpowder,2017,3,3,Unknown,ended
Anne Rice’s Mayfair Witches,2023,8,5,Monday,continuing
Your Honor,2020,10,10,Unknown,ended
Doctor Who (2023),2024,8,8,Unknown,continuing
Presumed Innocent,2024,8,8,Unknown,continuing
The Spanish Princess,2019,8,8,Unknown,ended
The Sympathizer,2024,7,7,Unknown,ended
Rebus (2024),2024,6,6,Unknown,continuing
Shantaram,2022,12,12,Unknown,ended
Spacey Unmasked,2024,2,2,Unknown,ended
The Acolyte,2024,8,8,Unknown,ended
Those About to Die,2024,10,10,Unknown,continuing
Hotel Cocaine,2024,8,8,Unknown,continuing
11.22.63,2016,8,0,Unknown,ended
Tulsa King,2022,10,10,Unknown,continuing
Kin,2021,8,8,Unknown,ended
The Penguin,2024,8,8,Unknown,ended
Agatha All Along,2024,9,9,Unknown,ended
Brilliant Minds,2024,13,13,Unknown,continuing
Murder in a Small Town (2024),2024,8,8,Unknown,continuing
Industry,2020,8,8,Unknown,continuing
Chicago P.D.,2014,14,11,Thursday,continuing
Chicago Med,2015,17,11,Thursday,continuing
Chicago Fire,2012,14,11,Thursday,continuing
Night Sky,2022,8,8,Unknown,ended
Helstrom,2020,10,10,Unknown,ended
Echo,2024,5,5,Unknown,ended
Ironheart,2025,6,0,Unknown,upcoming
Vision Quest,0,1,0,Unknown,upcoming
Fight Night: The Million Dollar Heist,2024,8,8,Unknown,ended
The Proof Is Out There: Military Mysteries,2024,6,6,Unknown,continuing
Guillermo del Toro's Cabinet of Curiosities,2022,8,8,Unknown,ended
NCIS: Origins,2024,18,12,Tuesday,continuing
FBI: International,2021,13,10,Wednesday,continuing
Georgie & Mandy's First Marriage,2024,15,8,Friday,continuing
Elsbeth,2024,13,9,Friday,continuing
Tracker (2024),2024,9,8,Monday,continuing
FBI: Most Wanted,2020,13,10,Wednesday,continuing
The Neighborhood,2018,11,10,Tuesday,continuing
Law & Order: Special Victims Unit,1999,16,11,Friday,continuing
Supacell,2024,6,6,Unknown,continuing
Bob Hearts Abishola,2019,13,13,Unknown,ended
Law & Order,1990,14,11,Friday,continuing
9-1-1,2018,9,8,Friday,continuing
Daredevil: Born Again,2025,9,0,Unknown,upcoming
The Line,2021,4,0,Unknown,ended
The Day of the Jackal,2024,10,6,Unknown,continuing
Cross,2024,8,8,Unknown,continuing
Porn King: The Rise & Fall of Ron Jeremy,2022,2,0,Unknown,ended
The Offer,2022,10,10,Unknown,ended
The Chosen One (2023),2023,6,6,Unknown,ended
McMafia,2018,8,8,Unknown,ended
Liar,2017,6,6,Unknown,ended
Hunters (2020),2020,8,8,Unknown,ended
The Agency (2024),2024,10,10,Unknown,continuing
Black Doves,2024,1,0,Unknown,continuing
Matlock (2024),2024,18,9,Friday,continuing
Dexter: Original Sin,2024,10,8,Monday,continuing
Beast Games,2024,10,8,Thursday,continuing
Homestead: The Series,2024,6,2,Unknown,continuing
Earth Abides,2024,6,6,Unknown,continuing
The Man Who Fell to Earth,2022,10,10,Unknown,ended
The Walking Dead: World Beyond,2020,10,10,Unknown,ended
neXt (2020),2020,10,10,Unknown,ended
Utopia (2020),2020,8,8,Unknown,ended
Brave New World (2020),2020,9,9,Unknown,ended
Y: The Last Man,2021,10,10,Unknown,ended
Another Life,2019,10,10,Unknown,ended
Moonhaven,2022,6,6,Unknown,ended
Constellation,2024,8,8,Unknown,ended
Doc (US),2025,10,5,Wednesday,continuing
Prime Target,2025,8,4,Wednesday,continuing
Landman,2024,10,10,Unknown,continuing
Watson,2025,10,1,Monday,continuing
